{"cameraMode":{"drawMode":0,"name":"Shaded","section":"Shading Mode"},"sceneLighting":true,"audioPlay":false,"sceneViewState":{"showFog":true,"showMaterialUpdate":false,"showSkybox":true,"showFlares":true,"showImageEffects":true,"showParticleSystems":true},"in2DMode":false,"pivot":{"x":-99.69999694824219,"y":100.02999877929688,"z":101.2770004272461},"rotation":{"x":0.43146705627441409,"y":0.5672319531440735,"z":-0.5208640694618225,"w":0.46987730264663699},"size":5.257884502410889,"orthographic":false}